CustomerID,Name,Email,Phone
1,Mickey Mouse,ureed@gmail.com,021-919-5820x024
2,Inspector Gadget,qkelly@hale.com,(627)213-0167x14107
3,Boo Boo,wellsbenjamin@hotmail.com,001-000-803-2832x649
4,Wile E. Coyote,peggybryant@norman.com,(404)022-1594
5,Pluto,patricksanders@yahoo.com,001-991-278-2440
6,Barney Rubble,williamscrystal@howard-hammond.com,(902)043-6650x542
7,Fred Flintstone,msmith@martinez.com,001-483-899-6536x2689
8,He-Man,tina66@gmail.com,(732)375-8062x6515
9,Top Cat,christopherfrazier@hotmail.com,+1-148-492-1540
10,Popeye,wsmith@hotmail.com,(704)151-6852x53068
11,Yogi Bear,sara28@acevedo.com,(440)927-3688
12,Road Runner,mberger@yahoo.com,(630)980-2188x940
13,Foghorn Leghorn,wwilliams@yahoo.com,805-773-6595x086
14,Goofy,cmorgan@jones.net,(184)618-5428
15,Olive Oyl,nadams@hotmail.com,(694)786-9183x70087
16,Tasmanian Devil,ptaylor@robbins-taylor.com,3180417401
17,Daffy Duck,wallacedanielle@yahoo.com,+1-869-152-0097x37521
18,Skeletor,rmartin@gmail.com,+1-989-625-1541x661
19,Felix the Cat,kaylee08@bell-evans.biz,001-965-706-7995
20,Tom Cat,lamelizabeth@gmail.com,809.239.6699x8297
21,Betty Boop,irobinson@moore.com,001-180-054-0166x3714
22,Marvin the Martian,elizabeth86@yahoo.com,694-095-6803x396
23,Scooby Doo,calderonvirginia@gmail.com,(358)436-4304x09630
24,Dale,brooke19@hotmail.com,(012)900-0316x715
25,George Jetson,xbyrd@gmail.com,700-174-7835x88991
26,Elroy Jetson,jacqueline05@yahoo.com,379-220-9441
27,Chip,john83@andersen.biz,001-030-724-1130x97770
28,Bugs Bunny,brandon61@hotmail.com,033.465.8189
29,Jerry Mouse,mejiachristina@gmail.com,747-847-8420x5469
30,Donald Duck,thomas34@hotmail.com,+1-348-849-0127x10867
31,Adam Lopez,rodriguezlaura@gonzalez-roy.net,183.620.1994
32,Terry Benson,kimberlygarcia@miller.com,+1-304-102-1358x71953
33,Miss Stephanie Smith,aaronhunt@hotmail.com,671-435-1512x17043
34,Kathryn Smith,jamescarson@hebert-allen.com,+1-164-959-4571
35,Patricia Oliver,emily47@hotmail.com,001-529-189-0557x8576
36,John Abbott,mendozaelizabeth@baker-doyle.com,(271)743-2422
37,Julie Evans,ronald45@gmail.com,(316)473-6613
38,Timothy Reynolds,zwarren@zhang-hopkins.org,001-058-191-2625x146
39,Kelsey Brown,gmccarthy@gmail.com,(375)580-6350x3843
40,Sarah Robinson,donna74@castro-jones.com,281-274-4945
41,Cynthia Harper,mindycook@gmail.com,+1-963-499-6764
42,Deborah Vasquez,richard53@gmail.com,381-210-8181
43,Christopher Pitts,melissa59@gmail.com,+1-562-571-5163x60674
44,Jeffrey Hernandez,jeffreydaniels@gmail.com,682-390-3701x6738
45,Todd Miller,tara02@mcguire.biz,(525)642-6793x6126
46,Morgan Dorsey,michael79@gmail.com,(271)057-5416x065
47,Aaron Wade,kenneth71@montgomery.biz,(674)314-5636x7428
48,Manuel Warren,drusso@stafford-chan.info,973-470-5263
49,Sarah Sanders,noah44@gmail.com,595-393-9892
50,Samuel Collier,courtney70@stanley.com,048.126.0033x715
51,Robert Jones MD,gmartinez@yahoo.com,(984)376-4208x026
52,Steven Owen,mroberson@hotmail.com,670.373.1315x932
53,Dana Morrow,obrienrobert@pittman-gilmore.com,156.685.6779x93404
54,Alison Phillips,landerson@shepherd.com,(652)885-6203
55,Alexandra Thomas,mmason@shaffer.com,382-522-5586x6962
56,Jeff Davis,susananderson@hotmail.com,085.974.1233x771
57,Stephen Larsen,lschmidt@gmail.com,693-130-6705
58,Brandon Rivera,wheelercheryl@smith.com,398-494-4328
59,Michael Wood,allenbrandi@yahoo.com,+1-933-257-5431
60,Danielle Benson,jeffreywallace@keller-ramirez.com,228-360-0020x5036
61,Jorge Torres,frank97@hotmail.com,001-317-563-0014
62,Brian Burns,carolyn36@yahoo.com,631.099.7627
63,Caleb Mcmahon,ijordan@porter.com,+1-077-657-0328x5525
64,Jennifer Bradford,beardmichael@hunt-webster.biz,+1-615-555-4799
65,Jenny Guerrero,michellenelson@thomas-collins.com,001-898-187-8795x8633
66,Gina Rodriguez,ymontes@cruz.com,001-438-416-7879
67,Samuel Hamilton,jamesduncan@yahoo.com,433.055.4552x824
68,Chad Luna DVM,meyervickie@gmail.com,666-385-1380
69,Brandon Bryant,kathryn23@campbell.org,001-459-307-1351x089
70,Stacey Johnston,mercedessanchez@cooper-roth.org,492.614.8681x8550
71,Diana Rogers,richard19@yahoo.com,001-823-173-5267x72794
72,William Evans,colonchristina@wang-rose.net,(075)657-6145
73,David Stanley,william92@yahoo.com,(199)325-0879x9090
74,Bryan Garrett,gilbertstephanie@russell-lynch.biz,399.434.8400x7743
75,Michael Rodriguez,ymartinez@hotmail.com,+1-085-727-7952x723
76,Tara Bowman,johnnelson@hotmail.com,868-014-3202
77,Jillian Brady,javiergillespie@yahoo.com,741.438.7088x506
78,Lisa Hunter,colethomas@yahoo.com,+1-607-793-7194
79,Lisa Allen,fstewart@diaz.com,+1-103-846-3054x16560
80,Angela Rice,virginia43@gmail.com,359.514.7811x8490
81,Diane Graham,angelamitchell@gmail.com,001-094-664-3398x9589
82,Lisa Whitehead,victoriapope@garrett-morris.info,594.135.0278x65613
83,Nicholas Campbell,hernandezgreg@tyler-levine.biz,797-996-6362
84,Heather Blevins,laura05@yahoo.com,(945)274-9223x3494
85,Rebecca Herring,margaret57@williams-williams.com,001-199-318-6325x041
86,John Horton,ashlee62@hotmail.com,(980)478-1198x679
87,Rebecca Gomez,camerondennis@gmail.com,432.942.3952
88,Sarah Mcdaniel,kramermatthew@yahoo.com,361.736.7292x102
89,Valerie Davis,delgadomadison@williams.org,909.456.8070
90,Amy Farley,jessica43@hotmail.com,001-453-775-3706
91,Mrs. Samantha Phelps,andrew69@schmidt.biz,+1-569-995-1270x619
92,Sara Sanchez,chadstevens@gmail.com,(436)088-3248
93,Paige Sandoval,danderson@harris.com,048.334.5219
94,Chelsea Scott,ushah@jones-hartman.biz,(769)394-8824
95,Ashley Randolph,eknight@cobb.com,5129324348
96,Brittany Evans,kayla42@hotmail.com,001-227-878-0204x5923
97,Chelsea Williams,kaitlin93@gmail.com,(023)788-1210x067
98,Cynthia Jackson,chriswilliams@marquez.com,1456776522
99,Cynthia Webb,cgreen@hotmail.com,001-805-284-5320x3719
100,Faith Anderson,paustin@yahoo.com,558-762-3243
101,Stacey Singh,usanders@yahoo.com,(145)889-1456x2988
102,Andrew Greer,oowens@wade-costa.biz,(303)467-4572x245
103,Thomas Morris,wortiz@cochran.biz,919-191-0471
104,Michael Garcia,matthewbecker@yahoo.com,496.139.1655x75287
105,Amanda Chavez,mcmahondavid@ponce.info,(190)107-7403
106,Eric Woods,wilsonjennifer@jackson.info,+1-297-488-3472x58388
107,Mark Mitchell,paula33@yahoo.com,838-481-2698x700
108,Christina Brooks,xmason@yahoo.com,525.430.0007x115
109,Christina Holmes,sarmstrong@sellers-mayo.com,+1-310-463-3568x94095
110,Mr. Daniel Stewart,fthompson@ortega.info,(067)922-4220
111,Melanie Watson,gwilliams@rogers-keller.info,626-456-8472x2825
112,Teresa Page,imalone@arnold.com,6379720964
113,Brenda Fitzpatrick,rsmith@yahoo.com,327.833.9270x4464
114,Thomas Campos,sabrina48@gmail.com,001-123-200-7337
115,William Scott,munozjoseph@ramirez.net,001-624-560-9137x380
116,Vicki Bradford,millercynthia@harris-smith.com,9206100401
117,Catherine Higgins,stephanie99@hotmail.com,931-297-5068
118,Mrs. Yvonne Diaz,christinagriffin@bullock-wilson.com,001-674-242-8451x641
119,Mrs. Jennifer Wood,npowell@hotmail.com,879-949-4196
120,Amy Carter,fosterderrick@gmail.com,316.376.6440x272
121,Michael Glenn,hdixon@fisher.com,(550)786-6395x358
122,Andrew Bender,heather79@gmail.com,001-629-455-8225x7454
123,Seth Jackson,eric39@yahoo.com,006-266-9770x6611
124,Emily Rogers,joshuasheppard@yahoo.com,(384)382-2737
125,Christine Rodriguez,zgeorge@cook.info,657-218-8600x378
126,Robert Jones,edward28@kramer.com,+1-024-167-2551x903
127,Rhonda Pugh,swood@mueller.com,970.149.2905x397
128,Jonathan Brown,claytoncourtney@price.com,444.608.0664x33941
129,Diane Austin,jennifer39@ortega.com,(410)147-7339
130,Jenna Reyes,bishopjoseph@martin-duran.com,+1-492-138-5351
131,Travis Shea,wwatson@yahoo.com,478.926.8287x22768
132,Randall Gentry,matthewgallegos@hotmail.com,+1-094-919-3107x3770
133,Amy Perez,kevinschaefer@reyes.com,7939290754
134,Robert Payne,christopherwest@peterson-lewis.com,001-025-071-4812x81085
135,Kristin Johnson,contreraslauren@gmail.com,+1-939-922-3093
136,Lindsey Wilson,tyang@hotmail.com,049-001-4247x129
137,William Shelton,fredjohnson@reed.net,+1-950-257-4994x64648
138,Katelyn Bell,brandongonzalez@hotmail.com,489-351-6876
139,Haley Palmer,davidthompson@yahoo.com,+1-009-738-7885x2628
140,Darren Figueroa,ganderson@nelson-aguilar.com,001-971-931-0122x6063
141,Kathleen Franklin,pbrown@yahoo.com,001-776-572-9871x9344
142,Megan Smith,ariel93@hotmail.com,(171)623-8321x781
143,Lori Jones,kmonroe@gmail.com,+1-082-923-4702
144,Megan Serrano,pwilson@yahoo.com,473.859.3631
145,Patrick Barker,ricky01@robertson-ochoa.com,001-818-570-6898x182
146,Nicholas Weaver,asnyder@yahoo.com,282.230.8016x181
147,Rebecca Aguilar,nicole83@russell-hernandez.com,807.678.0118
148,Judith Perez,itaylor@duran-stout.biz,659-653-0142
149,Larry Johnson,mwalker@keller.info,+1-473-490-2415x46450
150,Jonathan Dawson,mccarthytrevor@johnson.biz,001-425-819-9791x354
151,Mr. Jeffrey Garcia,smithheidi@gmail.com,(011)689-7000
152,Austin Norton Jr.,patrickvega@yahoo.com,(575)846-3558x6656
153,Amber Holland,nicholas43@chan.com,001-082-608-1707x031
154,Tracy Patton,kim43@gmail.com,(212)970-3979x0776
155,William Zhang,kendrarivas@foster.com,766-281-4901x63405
156,Tanner Vang,richard10@wright.biz,(896)330-6813
157,Eric Hudson,dunnamber@yahoo.com,001-736-288-9617
158,Lauren Powell,gutierrezmichael@martin.com,847-469-4377
159,Jason King,kathyolson@gmail.com,7572815583
160,Lori Chavez,jsimpson@turner.info,663.829.7349
161,Mary Perez,paulmorton@yahoo.com,001-531-425-4806
162,Richard Lopez,paulamartinez@sanchez.org,(603)097-6572
163,Kimberly Lewis,jessicathomas@yahoo.com,(737)317-8522x47462
164,Douglas Rodriguez,john25@hotmail.com,601-317-2528
165,Bobby Moore,james75@hunter.com,741.068.9704x80324
166,Debra Santana,richardsoncharles@yahoo.com,6674237605
167,Cristina Smith,david02@gmail.com,583-625-0383x992
168,Gregg Webb,turnerlynn@santos.biz,995-280-8640
169,Christine Wiggins,kelly10@nelson.com,790.234.7639x115
170,Laura Nguyen,marshallnicholas@yahoo.com,2238544275
171,Patrick Ross,zcross@hotmail.com,001-921-311-0722x520
172,Tanner Williams,levicox@jones.com,1677521657
173,Angela Daniels,sydneydavidson@fuller.com,2127658478
174,Justin Ramos,simsrachel@ryan.com,328-761-6904x637
175,Zachary Travis,nancyyoung@miller-simpson.com,114.785.3523x1750
176,Jessica Ramsey,ychapman@king.org,619-451-6127x547
177,Travis Cook,gmartin@hotmail.com,153-279-8990
178,Kelli Luna,laura46@jones-thompson.com,4284633130
179,Tonya Juarez,christianashley@hotmail.com,+1-679-233-3312x86172
180,Thomas Hernandez,richard21@wilson-hull.com,751-318-7494x322
181,Michael Trevino,rhenderson@gmail.com,0664408270
182,Jacob Johnson MD,ylowe@odom.com,378-070-2085x7794
183,Stephen Barajas IV,stephaniesherman@lopez-davila.com,+1-237-523-2927x72775
184,Danielle Bowen,cgordon@campbell-nguyen.org,001-173-489-3183x8498
185,Edward Torres,millsalyssa@roberts-calhoun.com,001-935-346-5118x004
186,Susan Russo,ladams@cruz.info,001-733-750-1921
187,Denise Potts,ian25@bentley.org,001-366-478-6813x98960
188,Abigail Gonzalez,jonespaula@sanders.com,+1-678-608-3008x02335
189,Keith Weber,vickistout@hotmail.com,(957)105-2837x6453
190,Peggy Nichols,matthew07@sanchez.com,(850)952-3917
191,Patrick Kelly,wlove@keller.com,021.316.4207
192,Laura Owen,austin25@wyatt.org,164.253.1740x115
193,Christopher Morrison,xbaldwin@yahoo.com,(049)350-1122
194,Janet Smith,tonyapeck@smith-castro.com,001-451-006-8450x1694
195,Monica Brown,acostanancy@yahoo.com,001-791-083-9808x96557
196,Rebecca Mcdonald,priceandrew@hotmail.com,757.189.7908x5589
197,Aaron Sullivan,christopherjones@gmail.com,(020)937-8831x519
198,Joseph Sanchez,mercadotricia@willis.com,(756)183-5826x7145
199,Mary Bell,xesparza@diaz-roberts.com,001-601-393-8353x6668
200,Jessica Boyer MD,randall47@frederick-andrews.biz,(736)481-1572
201,Jasmine White,townsendchristopher@yahoo.com,001-915-644-8412
202,Michael Nielsen,smithtyler@yahoo.com,(280)360-2398x01313
203,Mr. Benjamin Bryant,jacksonbryan@yahoo.com,973-715-5183
204,Kimberly Everett,cabreraterri@hotmail.com,001-503-969-7082x5489
205,Sandra Robertson,katrinadavis@hotmail.com,001-909-103-6566
206,Linda Franklin,cassidyhicks@yahoo.com,+1-588-352-3176x3472
207,Diane Deleon MD,tyler77@yahoo.com,001-420-002-4055x81510
208,John Mendoza,stephaniebowers@yahoo.com,(697)970-9192
209,Jessica Cooper,smithjohn@yahoo.com,001-446-053-5682x550
210,Stacy Mosley,robertking@gmail.com,807-397-8046
211,Tanya Stone,xmoore@snow-cook.org,(865)549-1001x4844
212,Kimberly Hodges,tammytate@pope.com,(687)899-3606x4696
213,Devin Hernandez,rebecca58@wallace.info,+1-252-064-5048x7302
214,David Madden,andersonjohn@gmail.com,001-800-626-2590x4672
215,Dean Lee,benjamin65@williams.com,0590224472
216,Ashley Hamilton,cthomas@smith.com,018.945.5857x43523
217,Cynthia Kaufman,linda97@yahoo.com,(558)684-7210
218,Lynn Sanders,destiny96@glover.com,001-171-625-4159
219,Alisha Hudson,crystal56@scott.info,001-094-459-4693x670
220,Chelsea Flynn,kroy@hood.com,916.103.5664x8776
221,Susan Parks,simmonsamy@wilson.org,+1-275-116-7756x711
222,Theresa Brown,qarroyo@hotmail.com,174.842.5305x990
223,Bryan Franklin,gdavis@coleman-schmidt.com,+1-142-229-4347
224,Charlotte Carter,tcrawford@wheeler-evans.com,479.157.7190
225,Natalie Lambert,pgarcia@hotmail.com,252-277-4577x1938
226,Chad Lowe,lisawalker@hotmail.com,001-030-562-7864x1744
227,John Clark,mendeznicole@yahoo.com,3006236703
228,Angela Walton,rachel51@yahoo.com,(169)353-6684x8601
229,Mitchell Lambert,reidkayla@hotmail.com,256.150.3474x832
230,Eric Frazier,kwood@hotmail.com,218-299-3211x77256
231,Jillian Stewart,tiffanyespinoza@yahoo.com,839-097-8522
232,Deborah Williams,jkim@yahoo.com,473-566-6767x84879
233,Deborah George,madison09@robinson-smith.com,636.087.1518x59486
234,Jamie Pace,sarah69@yahoo.com,745.370.4230x4167
235,Andre Giles,ryan22@hotmail.com,282.322.3455x8003
236,Casey Garcia,fwalker@gmail.com,884-220-6907
237,Phillip Arnold,eburgess@yahoo.com,564.050.3346x8724
238,Joshua Patrick,jeremiah80@pollard.com,+1-061-236-1679
239,Lauren Gregory,kaitlynromero@yahoo.com,057.689.2742x61667
240,Richard Sanchez,nmeyer@gmail.com,+1-611-261-2177x686
241,Michael Flores,timothyburns@hernandez.biz,001-038-728-2222x378
242,Eric Glass,thomaswhite@hotmail.com,+1-009-135-4077x973
243,Anthony Bradley,deannabutler@newton-peters.com,646-943-7706
244,David Young,blakefuentes@wolfe.biz,313.876.2586
245,Andrew Ramos,lwilliams@jones.com,406-860-3461
246,Scott Taylor,umartinez@hotmail.com,001-661-588-8711x425
247,Kyle Young,woodsbrittany@rodgers-marquez.com,968-179-6582
248,Mike Cook,pfrey@phillips.net,(985)530-4450
249,William Ortiz,rodriguezjose@hayes-robertson.com,201-393-1964
250,Jason Schroeder,mary28@ramos-rodriguez.com,991-654-7574
251,Cheryl Hernandez,ibrown@garner-campbell.com,001-571-781-2205x530
252,Jason Arnold,castroapril@hotmail.com,786-169-7967x122
253,Christopher Rhodes,leemeghan@casey.net,799-424-2543x1205
254,Ruth Lee,matthewgreen@gmail.com,3601068026
255,Colleen Johnson,oharper@scott.com,(757)839-7035x5993
256,Rodney Scott,dsmith@gmail.com,001-675-600-2204x147
257,Mark Phillips,john99@garza.com,(831)944-3788x140
258,Brian Harvey,kevinellis@bowman.info,468.757.3538x928
259,Jay Allen,henrybeth@yahoo.com,088-471-4557
260,Jason Ramirez,ceverett@schwartz.com,001-634-541-4366x025
261,Christina Flores,brandonjones@strickland.com,001-306-891-3465x339
262,Lisa Schneider,cruzmichelle@tran.net,946.810.6073x6035
263,Lisa Jacobs,kimberly65@gmail.com,+1-962-488-7560
264,Meghan Wilcox,antonioponce@brooks.com,001-310-029-4077x20659
265,Rachel Moore,wesleycarter@williams.com,393.867.3005x190
266,Luis Watkins,john73@hotmail.com,471-585-9594x0207
267,Isaiah Smith,brownperry@gmail.com,(990)983-8666
268,Erik Mayer,jacobsbrittany@yahoo.com,(687)736-3755
269,Brianna Chavez,wolfewilliam@jones.com,001-441-219-0493x5234
270,Christine Fisher,amber46@yahoo.com,(402)714-4209x13138
271,Alicia Shepherd,bakertamara@davidson.com,+1-050-801-9417x816
272,Richard Jones,scummings@flores.org,+1-842-897-8223x51119
273,Erin Rodriguez,philip32@walls-goodman.com,497.193.9537
274,Robert Roberts,gonzalezapril@gutierrez.com,001-921-684-6196
275,Kristin Schultz,sjenkins@white.com,769.355.9926x829
276,Wesley Murphy,michael21@hull.com,459.986.9308x339
277,Amber Levy,joseph90@zamora-watson.com,+1-514-741-0895
278,Jessica Porter,sburnett@gmail.com,+1-027-651-3414x85162
279,Kristopher Delgado,alice35@hotmail.com,+1-786-609-4348
280,Jessica Yang,valenzuelacynthia@yahoo.com,013-016-5737
281,Andrew Richardson,hectorwatts@gmail.com,4236178332
282,Brandon Harris,scopeland@tate-campbell.net,062.317.6844x93477
283,Lydia Thomas,wpatterson@rivera-allen.com,(702)683-7453x981
284,Douglas Williams,vfranklin@yahoo.com,874-694-5078
285,Michael Macdonald,sevans@martinez.org,988-141-0131x069
286,Beth Gibson,thomas13@hill-miller.com,984.319.3924x6337
287,Kevin Evans,spencermichael@gmail.com,(139)639-9820x352
288,Benjamin Christensen,jeremy68@donaldson.com,931.012.5228
289,Alyssa Jefferson,aroberts@gmail.com,823.500.8436
290,Joshua Brown,mclaughlinjoel@thomas-wallace.net,232-112-6379
291,Danielle Yates,reginald88@hotmail.com,388.181.5141
292,Brenda Roman,fwarren@shaw.com,+1-989-322-2532x3156
293,Sandra Miller,garciajesse@hotmail.com,+1-898-193-7419x61566
294,Billy Ramirez,kim46@gallagher-wilkinson.com,401.062.5897
295,Gregory Peters,kristina29@yahoo.com,001-607-216-7511
296,Amy Bowman,robertritter@hotmail.com,1837628141
297,Jessica Roberson,jacksonlisa@hotmail.com,617.998.1695x6240
298,Jessica Frost,hdaniels@gmail.com,(871)670-0054x583
299,Thomas Jackson,mejiakatie@baldwin.com,+1-041-671-5763x287
300,James Garcia,zsherman@shelton.net,753.115.6149x4872
